# test03_insert.sql
#
# MySQL query for inserting content into existing database tables
# 

# Insert data into database testdb03
# Data inserted into tables: arkivskaper, arkiv, serie, stykke, mappe

USE testdb03;

INSERT INTO arkivskaper (
	arkivskaperID, identifikator, navn, innhold, merknad)
VALUES
	('1','K-15290.150','Skodje kommune. Formannskapet/kommunestyret',null,null)
	,('2','K-15190.703','Volda kommune. Kommuneingeniøren',null,null)
;

INSERT INTO arkiv (
	arkivID, arkivskaperID, identifikator, depinstID, navn, innhold, 
	startdato, sluttdato, arkivkodefra, arkivkodetil, merknad)
VALUES
	('1','1','K-15290.150','IKAM','Skodje kommune. Formannskapet/kommunestyret',null,null,null,null,null,null)
	,('2','2','K-15190.703','IKAM','Volda kommune. Kommuneingeniøren',null,null,null,null,null,null)
;

INSERT INTO serie (
	serieID, arkivID, identifikator, navn, innhold, 
	startdato, sluttdato, arkivkodefra, arkivkodetil, merknad)
VALUES
	('1','1','Ab','Møtebøker kommunestyret',null,null,null,null,null,null)
	,('2','1','Aa','Møtebøker formannskapet',null,null,null,null,null,null)
	,('3','1','Ac','Sakslister formannskapet',null,null,null,null,null,null)
	,('4','1','Ca','Postjournalar formannskapet',null,null,null,null,null,null)
	,('5','2','Dba','Saksarkiv ordna etter Norsk Herredsforbund sin arkivnøkkel 1963-1965',null,'1963','1965',null,null,null)
	,('6','2','Dbb','Saksarkiv ordna etter Norsk Herredsforbund sin arkivnøkkel 1966-1967',null,'1966','1967',null,null,null)
;

INSERT INTO stykke (
	stykkeID, serieID, identifikator, navn, innhold, 
	startdato, sluttdato, arkivkodefra, arkivkodetil, merknad)
VALUES
	('1','2','L0001','Møtebok',null,'19761101','19790326',null,null,null)
	,('2','2','L0002','Møtebok',null,'19790409','19810309',null,null,null)
	,('3','2','L0010','Møtebok',null,'19930105','19931207',null,null,null)
	,('4','2','L0009','Møtebok',null,'19920107','19921215',null,null,null)
	,('5','2','L0008','Møtebok',null,'19910115','19911217',null,null,null)
	,('6','2','L0007','Møtebok',null,'19890124','19901218',null,null,null)
	,('7','2','L0003','Møtebok',null,'19810323','19820920',null,null,null)
	,('8','2','L0004','Møtebok',null,'19820929','19840529',null,null,null)
	,('9','2','L0005','Møtebok',null,'19840613','19860916',null,null,null)
	,('10','2','L0006','Møtebok',null,'19860930','19890124',null,null,null)
	,('11','1','L0004','Møtebok',null,'19930701','19980511',null,null,null)
	,('12','1','L0003','Møtebok',null,'19860909','19930701',null,null,null)
	,('13','1','L0002','Møtebok',null,'19820215','19860909',null,null,null)
	,('14','1','L0001','Møtebok',null,'19761026','19811214',null,null,null)
	,('15','1','L0005','Møtebok',null,'19921215','19950926',null,null,'Denne protokoll er også ført elektronisk')
	,('16','3','L0001','Sakslister  Del 1',null,'1977','1977',null,null,null)
	,('17','3','L0002','Sakslister  Del 2',null,'1977','1977',null,null,null)
	,('18','3','L0003','Sakslister  Del 3',null,'1977','1977',null,null,null)
	,('19','3','L0004','Sakslister  Del 1',null,'1978','1978',null,null,null)
	,('20','3','L0005','Sakslister  Del 2',null,'1978','1978',null,null,null)
	,('21','3','L0006','Sakslister  Del 3',null,'1978','1978',null,null,null)
	,('22','3','L0007','Sakslister  Del 1',null,'1979','1979',null,null,null)
	,('23','3','L0008','Sakslister  Del 2',null,'1979','1979',null,null,null)
	,('24','3','L0009','Sakslister  Del 3',null,'1979','1979',null,null,null)
	,('25','3','L0010','Sakslister  Del 1',null,'1980','1980',null,null,null)
	,('26','3','L0011','Sakslister  Del 2',null,'1980','1980',null,null,null)
	,('27','3','L0012','Sakslister  Del 3',null,'1980','1980',null,null,null)
	,('28','3','L0013','Sakslister  Del 4',null,'1980','1980',null,null,null)
	,('29','3','L0014','Sakslister  Del 5',null,'1980','1980',null,null,null)
	,('30','3','L0015','Sakslister  Del 1',null,'1981','1981',null,null,null)
	,('31','3','L0016','Sakslister  Del 2',null,'1981','1981',null,null,null)
	,('32','3','L0017','Sakslister  Del 3',null,'1981','1981',null,null,null)
	,('33','3','L0018','Sakslister  Del 4',null,'1981','1981',null,null,null)
	,('34','3','L0019','Sakslister  Del 5',null,'1981','1981',null,null,null)
	,('35','3','L0020','Sakslister  Del 6',null,'1981','1981',null,null,null)
	,('36','3','L0021','Sakslister  Del 7',null,'1981','1981',null,null,null)
	,('37','3','L0022','Sakslister  Del 1',null,'1982','1982',null,null,null)
	,('38','3','L0023','Sakslister  Del 2',null,'1982','1982',null,null,null)
	,('39','3','L0024','Sakslister  Del 3',null,'1982','1982',null,null,null)
	,('40','3','L0025','Sakslister  Del 4',null,'1982','1982',null,null,null)
	,('41','3','L0026','Sakslister  Del 5',null,'1982','1982',null,null,null)
	,('42','3','L0027','Sakslister  Del 6',null,'1982','1982',null,null,null)
	,('43','3','L0028','Sakslister  Del 1',null,'1983','1983',null,null,null)
	,('44','3','L0029','Sakslister  Del 2',null,'1983','1983',null,null,null)
	,('45','3','L0030','Sakslister  Del 3',null,'1983','1983',null,null,null)
	,('46','3','L0031','Sakslister  Del 4',null,'1983','1983',null,null,null)
	,('47','3','L0032','Sakslister  Del 5',null,'1983','1983',null,null,null)
	,('48','3','L0033','Sakslister  Del 6',null,'1983','1983',null,null,null)
	,('49','3','L0034','Sakslister  Del 7',null,'1983','1983',null,null,null)
	,('50','3','L0035','Sakslister  Del 1',null,'1984','1984',null,null,null)
	,('51','3','L0036','Sakslister  Del 2',null,'1984','1984',null,null,null)
	,('52','3','L0037','Sakslister  Del 3',null,'1984','1984',null,null,null)
	,('53','3','L0038','Sakslister  Del 4',null,'1984','1984',null,null,null)
	,('54','3','L0039','Sakslister  Del 5',null,'1984','1984',null,null,null)
	,('55','3','L0040','Sakslister  Del 1',null,'1985','1985',null,null,null)
	,('56','3','L0041','Sakslister  Del 2',null,'1985','1985',null,null,null)
	,('57','3','L0042','Sakslister  Del 3',null,'1985','1985',null,null,null)
	,('58','3','L0043','Sakslister  Del 4 ',null,'1985','1985',null,null,null)
	,('59','3','L0044','Sakslister  Del 5',null,'1985','1985',null,null,null)
	,('60','3','L0045','Sakslister  Del 1',null,'1986','1986',null,null,null)
	,('61','3','L0046','Sakslister  Del 2',null,'1986','1986',null,null,null)
	,('62','3','L0047','Sakslister  Del 3',null,'1986','1986',null,null,null)
	,('63','3','L0048','Sakslister  Del 4',null,'1986','1986',null,null,null)
	,('64','3','L0049','Sakslister  Del 5',null,'1986','1986',null,null,null)
	,('65','3','L0050','Sakslister  Del 6',null,'1986','1986',null,null,null)
	,('66','3','L0051','Sakslister  Del 1',null,'1987','1987',null,null,null)
	,('67','3','L0052','Sakslister  Del 2',null,'1987','1987',null,null,null)
	,('68','3','L0053','Sakslister  Del 3',null,'1987','1987',null,null,null)
	,('69','3','L0054','Sakslister  Del 4',null,'1987','1987',null,null,null)
	,('70','3','L0055','Sakslister  Del 5',null,'1987','1987',null,null,null)
	,('71','3','L0056','Sakslister  Del 6',null,'1987','1987',null,null,null)
	,('72','3','L0057','Sakslister  Del 1',null,'1988','1988',null,null,null)
	,('73','3','L0058','Sakslister  Del 2',null,'1988','1988',null,null,null)
	,('74','3','L0059','Sakslister  Del 3',null,'1988','1988',null,null,null)
	,('75','3','L0060','Sakslister  Del 4',null,'1988','1988',null,null,null)
	,('76','3','L0061','Sakslister  Del 5',null,'1988','1988',null,null,null)
	,('77','3','L0062','Sakslister  Del 1',null,'1989','1989',null,null,null)
	,('78','3','L0063','Sakslister  Del 2',null,'1989','1989',null,null,null)
	,('79','3','L0064','Sakslister  Del 3',null,'1989','1989',null,null,null)
	,('80','3','L0065','Sakslister  Del 4',null,'1989','1989',null,null,null)
	,('81','3','L0066','Sakslister  Del 5',null,'1989','1989',null,null,null)
	,('82','3','L0067','Sakslister  Del 6',null,'1989','1989',null,null,null)
	,('83','3','L0068','Sakslister  Del 1',null,'1990','1990',null,null,null)
	,('84','3','L0069','Sakslister  Del 2',null,'1990','1990',null,null,null)
	,('85','3','L0070','Sakslister  Del 3',null,'1990','1990',null,null,null)
	,('86','3','L0071','Sakslister  Del 4',null,'1990','1990',null,null,null)
	,('87','3','L0072','Sakslister  Del 5',null,'1990','1990',null,null,null)
	,('88','3','L0073','Sakslister  Del 1',null,'1991','1991',null,null,null)
	,('89','3','L0074','Sakslister  Del 2',null,'1991','1991',null,null,null)
	,('90','3','L0075','Sakslister  Del 3',null,'1991','1991',null,null,null)
	,('91','3','L0076','Sakslister  Del 4',null,'1991','1991',null,null,null)
	,('92','3','L0077','Sakslister  Del 1',null,'1992','1992',null,null,null)
	,('93','3','L0078','Sakslister  Del 2',null,'1992','1992',null,null,null)
	,('94','3','L0079','Sakslister  Del 3',null,'1992','1992',null,null,null)
	,('95','3','L0080','Sakslister  Del 1',null,'1993','1993',null,null,null)
	,('96','3','L0081','Sakslister  Del 2',null,'1993','1993',null,null,null)
	,('97','3','L0082','Sakslister  Del 3',null,'1993','1993',null,null,null)
	,('98','3','L0083','Sakslister  Del 4',null,'1993','1993',null,null,null)
	,('99','3','L0084','Sakslister  Del 5',null,'1993','1993',null,null,null)
	,('100','4','L0001','Postjournal',null,'19770104','19781031',null,null,null)
	,('101','4','L0002','Postjournal',null,'19781031','19800702',null,null,null)
	,('102','4','L0003','Postjournal',null,'19800702','19811130',null,null,null)
	,('103','4','L0004','Postjournal',null,'19811201','19830323',null,null,null)
	,('104','4','L0005','Postjournal',null,'19830323','19840912',null,null,null)
	,('105','4','L0011','Postjournal',null,'19920409','19920907',null,null,null)
	,('106','4','L0007','Postjournal',null,'19860408','19870811',null,null,null)
	,('107','4','L0008','Postjournal',null,'19870811','19881231',null,null,null)
	,('108','4','L0009','Postjournal',null,'19890101','19900906',null,null,null)
	,('109','4','L0010','Postjournal',null,'19900406','19920409',null,null,null)
	,('110','4','L0006','Postjournal',null,'19840913','19860407',null,null,null)
	,('111','5','L0010','Uten arkivkode',null,'1963','1965',null,null,null)
	,('112','5','L0005','Arkivkode 511.4-515',null,'1963','1965','511.4','515',null)
	,('113','5','L0009','Arkivkode 566.0-846',null,'1963','1965','566.0','846',null)
	,('114','5','L0006','Arkivkode 514.1-541.1',null,'1963','1965','514.1','541.1',null)
	,('115','5','L0004','Arkivkode 504-512.1',null,'1963','1965','504','512.1',null)
	,('116','5','L0003','Arkivkode 302-503.1',null,'1963','1965','302','503.1',null)
	,('117','5','L0008','Arkivkode 562.0-567',null,'1963','1965','562.0','567',null)
	,('118','5','L0007','Arkivkode 541.1-562.1',null,'1963','1965','541.1','562.1',null)
	,('119','5','L0001','Arkivkode 000-046',null,'1963','1965','0','46',null)
	,('120','5','L0002','Arkivkode 210-210',null,'1963','1965','210','210',null)
	,('121','6','L0003','Arkivkode 504-505.1',null,'1966','1967','504','505.1',null)
	,('122','6','L0002','Arkivkode 210-533',null,'1966','1967','210','533',null)
	,('123','6','L0001','Arkivkode 022-221',null,'1966','1967','22','221',null)
	,('124','6','L0004','Arkivkode 510-519',null,'1966','1967','510','519',null)
	,('125','6','L0006','Arkivkode 563-565',null,'1966','1967','563','565',null)
	,('126','6','L0007','Arkivkode 565-872',null,'1966','1967','565','872',null)
	,('127','6','L0005','Arkivkode 521-562',null,'1966','1967','521','5411',null)
;

INSERT INTO mappe (
	mappeID, stykkeID, identifikator, navn, innhold, 
	startdato, sluttdato, arkivkodefra, arkivkodetil, merknad)
VALUES
	('1','1','0001','Rådet for trygg trafikk',null,'1963','1965','2','2',null)
	,('2','1','0002','Bygningsrådet',null,'1963','1965','21','21',null)
	,('3','1','0003','Brannstyret',null,'1963','1965','22','22',null)
	,('4','1','0004','Teknisk utval',null,'1963','1965','23','23',null)
	,('5','1','0005','Møter i vassforyningsnemnda',null,'1963','1965','24','24',null)
	,('6','1','0006','Vegnemnda',null,'1963','1965','26','26',null)
	,('7','1','0014','Tenestemenn',null,'1963','1965','46','46',null)
	,('8','1','0008','Rundskriv',null,'1963','1965','40','40',null)
	,('9','1','0009','Instruksar og reglement',null,'1963','1965','41','41',null)
	,('10','1','0010','Løner og avtalar',null,'1963','1965','42','42',null)
	,('11','1','0011','Løner, avtalar og instruksar med kontraketer for vegvaktar',null,'1963','1965','42','42',null)
	,('12','1','0012','Pensjon og trygd',null,'1963','1965','43','43',null)
	,('13','1','0013','Velferdsarbeid',null,'1963','1965','45','45',null)
	,('14','1','0007','Adm. Ordninga',null,'1963','1965','31','31',null)
	,('15','2','0001','Dalsfjord sokneråd',null,'1963','1965','210','210',null)
	,('16','2','0002','Mork skule leikeplass',null,'1963','1965','210','210',null)
	,('17','2','0003','Mork skule, fullføring av kjellaretasje',null,'1963','1965','210','210',null)
	,('18','2','0004','Hjartå skule',null,'1963','1965','210','210',null)
	,('19','2','0005','Dravlaus skule',null,'1963','1965','210','210',null)
	,('20','2','0012','Leikeplass Bjørkedal skule',null,'1963','1965','210','210',null)
	,('21','2','0007','Fullføring av Mork skule',null,'1963','1965','210','210',null)
	,('22','2','0008','Lid skule',null,'1963','1965','210','210',null)
	,('23','2','0009','Folkestad ',null,'1963','1965','210','210',null)
	,('24','2','0010','Høydal nye skule, leikeplass',null,'1963','1965','210','210',null)
	,('25','2','0011','Leikeplass, Øyrra nye skule',null,'1963','1965','210','210',null)
	,('26','2','0006','Øyra nye skule',null,'1963','1965','210','210',null)
	,('27','3','0001','Statistikk',null,'1963','1965','302','302',null)
	,('28','3','0002','Vinterarbeid, sysselsetting',null,'1963','1965','303','303',null)
	,('29','3','0003','Skadedyr, rottekrig',null,'1963','1965','417','417',null)
	,('30','3','0004','Bustadareal. Tenestemenn v/Fylkessjukehuset',null,'1963','1965','421','421',null)
	,('31','3','0005','Reising av heim til senil demente',null,'1963','1965','422','422',null)
	,('32','3','0011','Autorisasjon ansvarshavande',null,'1963','1965','503.1','503.1',null)
	,('33','3','0007','Rundskriv',null,'1963','1965','500','500',null)
	,('34','3','0008','Verkeområde for bygningslova',null,'1963','1965','501','501',null)
	,('35','3','0009','Vedtekter',null,'1963','1965','502','502',null)
	,('36','3','0010','Bygningsaker',null,'1963','1965','503','503',null)
	,('37','3','0006','Midlertiig forbod mot bygging i strandområder ved sjøen',null,'1963','1965','451','451',null)
	,('38','4','0001','Reguleringssaker',null,'1963','1965','504','504',null)
	,('39','4','0017','Mannskap',null,'1963','1965','512','512',null)
	,('40','4','0003','Reguleringsendring på Røysbakken',null,'1963','1965','504.1','504.1',null)
	,('41','4','0004','Reguleringsplanar',null,'1963','1965','504.1','504.1',null)
	,('42','4','0005','Approberte reguleringsplanar',null,'1963','1965','504.2','504.2',null)
	,('43','4','0006','Detaljregulering, utparsellering av tomter',null,'1963','1965','504.3','504.3',null)
	,('44','4','0007','Utpareselleringsplan for eit kvartal på gbr 18/1 Engeset',null,'1963','1965','504.3','504.3',null)
	,('45','4','0008','Oppmålingssaker',null,'1963','1965','505','505',null)
	,('46','4','0009','Kart, oppmåling og skylddelingsforretningar',null,'1963','1965','505.0','505.0',null)
	,('47','4','0010','Kartleggingsarbeid',null,'1963','1965','505.1','505.1',null)
	,('48','4','0011','Kartverk (ferdige kart)',null,'1963','1965','505.2','505.2',null)
	,('49','4','0012','Rundskriv',null,'1963','1965','510','510',null)
	,('50','4','0013','Nybygg og utvidingar',null,'1963','1965','511.0','511.0',null)
	,('51','4','0014','Brannmannskap',null,'1963','1965','512.1','512.1',null)
	,('52','4','0015','Norsk brannvernforening, ambulerande utstilling i Volda mai 1962',null,'1963','1965','510.1','510.1',null)
	,('53','4','0016','Varslingssystem',null,'1963','1965','511.4','511.4',null)
	,('54','4','0002','Reguleringsføresegner for eigedom',null,'1963','1965','504.0','504.0',null)
	,('55','5','0001','Brannbil',null,'1963','1965','513.1','513.1',null)
	,('56','5','0002','Feiarstell',null,'1963','1965','514.0','514.0',null)
	,('57','5','0003','Brannvarsling',null,'1963','1965','511.4','511.4',null)
	,('58','5','0007','Eldsfarlege verksemder og stoff',null,'1963','1965','515','515',null)
	,('59','5','0005','Gerhard Myklebust, avtale om leige av garasje',null,'1963','1965','513','513',null)
	,('60','5','0006','Feiarstell og brannsyn',null,'1963','1965','514','514',null)
	,('61','5','0004','Brannsløkkingsapparat skular',null,'1963','1965','513','513',null)
	,('62','6','0004','Private kaier',null,'1963','1965','521.4','521.4',null)
	,('63','6','0005','Kaier og spor',null,'1963','1965','521','521',null)
	,('64','6','0006','Planar og anlegg',null,'1963','1965','521.1','521.1',null)
	,('65','6','0007','Brannrapport + statistikk',null,'1963','1965','517','517',null)
	,('66','6','0008','Leike og akebakkar',null,'1963','1965','533.2','533.2',null)
	,('67','6','0009','Vassforsyningsanlegg, Vikebygda',null,'1963','1965','541','541',null)
	,('68','6','0003','Årsmelding 1962',null,'1963','1965','517','517',null)
	,('69','6','0011','Tilknyting til kloakk, Ytre Engest og Strand',null,'1963','1965','541.1','541.1',null)
	,('70','6','0012','Planar og anlegg',null,'1963','1965','541','541',null)
	,('71','6','0013','Planar og anlegg',null,'1963','1965','541.1','541.1',null)
	,('72','6','0001','Brannsyn',null,'1963','1965','514.1','514.1',null)
	,('73','6','0002','Eldsfarlege bedrifter',null,'1963','1965','515.2','515.2',null)
	,('74','6','0010','Rundskriv',null,'1963','1965','540','540',null)
	,('75','7','0001','Framføring av kloakk til senil dementheim',null,'1963','1965','541.1','541.1',null)
	,('76','7','0002','Materiale',null,'1963','1965','542.1','542.1',null)
	,('77','7','0003','Drift og vedlikehald av vassverk og kloakkar',null,'1963','1965','543','543',null)
	,('78','7','0004','Avgifter',null,'1963','1965','544','544',null)
	,('79','7','0005','Private vassverk og kloakkar',null,'1963','1965','545','545',null)
	,('80','7','0006','Vatn til byggearbeid',null,'1963','1965','545','545',null)
	,('81','7','0007','Vassdragsreguleringar',null,'1963','1965','551','551',null)
	,('82','7','0008','Elveforbyggingar',null,'1963','1965','552','552',null)
	,('83','7','0009','Elektrisitet',null,'1963','1965','553','553',null)
	,('84','7','0010','Rundskriv',null,'1963','1965','560','560',null)
	,('85','7','0011','Reglar for overtaking av kommunale vegar',null,'1963','1965','560','560',null)
	,('86','7','0012','Byggeavstander',null,'1963','1965','560','560',null)
	,('87','7','0013','Planar og anlegg',null,'1963','1965','561','561',null)
	,('88','7','0014','Flytting av naust på Lauvstad',null,'1963','1965','561','561',null)
	,('89','7','0015','Haldeplassen ved A.E.Håvik, opparbeiding 1962',null,'1963','1965','561','561',null)
	,('90','7','0016','Private vegar - planlegging',null,'1963','1965','','',null)
	,('91','7','0017','Fylkesvegen Egset-Berknes',null,'1963','1665','561','561',null)
	,('92','7','0018','Innfartsveg sentrum',null,'1963','1965','561','561',null)
	,('93','7','0019','Planar og anlegg',null,'1963','1965','561.1','561.1',null)
	,('94','7','0020','Maskinar',null,'1963','1965','562.1','562.1',null)
	,('95','7','0021','Bilar',null,'1963','1965','562.0','562.0',null)
	,('96','7','0022','Bilar, maskinar og reiskap',null,'1963','1965','562','562',null)
	,('97','8','0012','Avtale om grus',null,'1963','1965','563.2','563.2',null)
	,('98','8','0009','Grustak på N. Bjørkedalen',null,'1963','1965','563.2','563.2',null)
	,('99','8','0010','Grustak',null,'1963','1965','563.2','563.2',null)
	,('100','8','0020','Ferjeleier',null,'1963','1965','567','567',null)
	,('101','8','0019','Generelt',null,'1963','1965','565.0','565.0',null)
	,('102','8','0018','Skogsvegen Helset-Flatdalssetra. Omlegging av Brauta',null,'1963','1965','565.1','565.1',null)
	,('103','8','0017','Reglar for brøyting - private vegar',null,'1963','1965','565','565',null)
	,('104','8','0016','Private vegar ',null,'1963','1965','565','565',null)
	,('105','8','0015','Asfalt',null,'1963','1965','563.3','563.3',null)
	,('106','8','0014','Avtale om grus i Sundalen',null,'1963','1965','563.2','563.2',null)
	,('107','8','0013','Grustaket på Folkestad',null,'1963','1965','563.2','563.2',null)
	,('108','8','0001','Reidskap',null,'1963','1965','562.2','562.2',null)
	,('109','8','0002','Vedlikehald',null,'1963','1965','563','563',null)
	,('110','8','0003','Elektrisk pumpe for saltvatn',null,'1963','1965','563','563',null)
	,('111','8','0004','Ålment vedlikehald',null,'1963','1965','563.0','563.0',null)
	,('112','8','0005','Vassføring Vikebygdvegen',null,'1963','1965','563','563',null)
	,('113','8','0006','Kjøp av ny lastebil',null,'1963','1965','562.0','562.0',null)
	,('114','8','0007','Brøytekontrakter instruks og kontraktformular',null,'1963','1965','563','563',null)
	,('115','8','0008','Grustaket på Rotset - rekvisisjoner',null,'1963','1965','563.2','563.2',null)
	,('116','8','0011','Grustak Eide i Austefjorden',null,'1963','1965','563.2','563.2',null)
	,('117','9','0015','Utlån',null,'1963','1965','846','846',null)
	,('118','9','0012','Rekneskap, revisjon og desisjon',null,'1963','1965','803','803',null)
	,('119','9','0013','Eigedom',null,'1963','1965','831','831',null)
	,('120','9','0014','Assuranse',null,'1963','1965','832','832',null)
	,('121','9','0011','Busdsjettendringar',null,'1963','1965','802','802',null)
	,('122','9','0010','Budsjettframlegg og førehaving',null,'1963','1965','801','801',null)
	,('123','9','0009','Rundskriv',null,'1963','1965','800','800',null)
	,('124','9','0008','Ferjer',null,'1963','1965','711','711',null)
	,('125','9','0007','Haldeplassar og stasjonar',null,'1963','1965','702','702',null)
	,('126','9','0006','Olivin på Bjørkedalen',null,'1963','1965','566.0','566.0',null)
	,('127','9','0005','Kontaktmøte, industriverksemdene',null,'1963','1965','620','620',null)
	,('128','9','0001','Rundskriv',null,'1963','1965','570','570',null)
	,('129','9','0002','Søppel',null,'1963','1965','573','573',null)
	,('130','9','0003','Renovasjon',null,'1963','1965','573.1','573.1',null)
	,('131','9','0004','Årsrapporter',null,'1963','1965','590','590',null)
	,('132','10','0001','Øyra og Rotset',null,'1963','1965','ingen kode','',null)
	,('133','10','0002','Sentrum',null,'1963','1965','ingen kode','',null)
	,('134','10','0003','Myrane&sjukehusområdet',null,'1963','1965','ingen kode','',null)
	,('135','10','0004','Myrane Øvre - Håmyra',null,'1963','1965','ingen kode','',null)
	,('136','10','0005','Sjukehusområdet',null,'1963','1965','ingen kode','',null)
	,('137','10','0006','Hamnekvarteret',null,'1963','1965','ingen kode','',null)
	,('138','10','0007','Vatn og kloakkplan sentrum',null,'1963','1965','ingen kode','',null)
	,('139','10','0008','Ytre strok',null,'1963','1965','ingen kode','',null)
	,('140','11','0003','Brannstyret',null,'1966','1967','22','22',null)
	,('141','11','0004','Vegnemnda',null,'1966','1967','23','23',null)
	,('142','11','0001','Brannstyret m.m. 1967',null,'1966','1967','22','22',null)
	,('143','11','0020','Bjørkedal skule leikeplassen',null,'1966','1967','221','221',null)
	,('144','11','0019','Høydal nye skule vassverk og kloakk',null,'1966','1967','221','221',null)
	,('145','11','0018','Skulepsykolog v/Øyra skule',null,'1966','1967','212','212',null)
	,('146','11','0017','Vassanlegg Hjartå skule',null,'1966','1967','201','201',null)
	,('147','11','0016','Utviding av Kilsfjord gravplass',null,'1966','1967','200','200',null)
	,('148','11','0015','Utviding av Leirshaugen gravplass',null,'1966','1967','200','200',null)
	,('149','11','0014','Sivilforsvar',null,'1966','1967','142','142',null)
	,('150','11','0013','Skytebas',null,'1966','1967','113','113',null)
	,('151','11','0012','Attest',null,'1966','1967','047.1','047.1',null)
	,('152','11','0011','Ledige stillingar',null,'1966','1967','47','47',null)
	,('153','11','0010','Tenestemenn',null,'1966','1967','46','46',null)
	,('154','11','0009','Anleggs- og vedlikehaldsarbeidar',null,'1966','1967','042.1','042.1',null)
	,('155','11','0008','Lønsavtalar som går ut 1968',null,'1966','1967','42','42',null)
	,('156','11','0007','Kunngjering-trykksaker',null,'1966','1967','36','36',null)
	,('157','11','0006','NKF',null,'1966','1967','33','33',null)
	,('158','11','0005','Uttaking av betongprøver',null,'1966','1967','33','33',null)
	,('159','11','0002','Bygningsrådet',null,'1966','1967','22','22',null)
	,('160','12','0021','Bygningssaker',null,'1966','1967','503','503',null)
	,('161','12','0022','Regulering',null,'1966','1967','504','504',null)
	,('162','12','0023','Badeplass i Klokkarvika',null,'1966','1967','533','533',null)
	,('163','12','0020','Reguleringsarbeid Ørsta',null,'1966','1967','500','500',null)
	,('164','12','0019','Årsmelding 1966',null,'1966','1967','500','500',null)
	,('165','12','0018','Bygging-regulering-oppmåling r.skriv',null,'1966','1967','500','500',null)
	,('166','12','0017','Friluftsliv',null,'1966','1967','450','450',null)
	,('167','12','0016','Mork idrottslag',null,'1966','1967','441.1','441.1',null)
	,('168','12','0015','Omregulering av gangveg v/Smaleelva-Mørebil',null,'1966','1967','405.23','405.23',null)
	,('169','12','0014','Kommunale bustadbyggingsplan-bustadfelt',null,'1966','1967','311','311',null)
	,('170','12','0013','Sysselsetting utgjamningstilskot 1966/67',null,'1966','1967','303','303',null)
	,('171','12','0012','Bygge og anleggsverksemd 1965/66 utjaminingstilskot',null,'1966','1967','303','303',null)
	,('172','12','0011','Sysselsettingsplan for 1965/1966',null,'1966','1967','303','303',null)
	,('173','12','0010','Sysselsettingsplan for 1966',null,'1966','1967','300','300',null)
	,('174','12','0009','Div vølingsarbeid ved skulane',null,'1966','1967','221','221',null)
	,('175','12','0008','Dale skule',null,'1966','1967','221','221',null)
	,('176','12','0007','Ulvestad skule',null,'1966','1967','221','221',null)
	,('177','12','0006','Øyra skule',null,'1966','1967','221','221',null)
	,('178','12','0005','Velsvik skule, skuleveg og leikeplass grus',null,'1966','1967','210','210',null)
	,('179','12','0004','Kalvatn skule',null,'1966','1967','210','210',null)
	,('180','12','0003','Høydal skule',null,'1966','1967','210','210',null)
	,('181','12','0024','Badeplass i Årneset',null,'1966','1967','533','533',null)
	,('182','12','0001','Lid skule',null,'1966','1967','210','210',null)
	,('183','12','0002','Fylsvik skule',null,'1966','1967','210','210',null)
	,('184','13','0001','Reguleringssaker',null,'1966','1967','504','504',null)
	,('185','13','0002','Regulering - regionplan',null,'1966','1967','504.21','504.21',null)
	,('186','13','0003','Generalplanarbeid - konsulentar',null,'1966','1967','504.22','504.22',null)
	,('187','13','0004','Generalplan for Folkestad',null,'1966','1967','504.22','504.22',null)
	,('188','13','0005','Innregulering av bustadtomt ved Aldersheimen',null,'1966','1967','504.23','504.23',null)
	,('189','13','0006','Reguelring av byggefelt I og II på Klepp',null,'1966','1967','504.23','504.23',null)
	,('190','13','0007','Regulering plassering av servicestasjon - shell',null,'1966','1967','504.23','504.23',null)
	,('191','13','0008','Regulering av helikopterterminal',null,'1966','1967','504.23','504.23',null)
	,('192','13','0009','Regulering av tilkomst til fjellet instruksjonsareal til lærarskulen',null,'1966','1967','504.23','504.23',null)
	,('193','13','0010','Detaljregulering på Klippa',null,'1966','1967','504.23','504.23',null)
	,('194','13','0011','Volda stadion',null,'1966','1967','504.23','504.23',null)
	,('195','13','0012','Regulering på Heltne',null,'1966','1967','504.23','504.23',null)
	,('196','13','0013','Regulering Øvre Rotset',null,'1966','1967','504.23','504.23',null)
	,('197','13','0014','Telebygget',null,'1966','1967','504.23','504.23',null)
	,('198','13','0015','RV651 Volda-Fyrde: trase ved Øyra bru',null,'1966','1967','504.23','504.23',null)
	,('199','13','0016','Regulering av fellesgarasje på Klokkargarden',null,'1966','1967','504.23','504.23',null)
	,('200','13','0017','Omregulering Porsemyrvegen v/',null,'1966','1967','504.23','504.23',null)
	,('201','13','0018','Leikeplass på Prestemarka',null,'1966','1967','504.23','504.23',null)
	,('202','13','0019','Omregulering av Skjellebreia',null,'1966','1967','504.23','504.23',null)
	,('203','13','0020','Reguleringsendring på gbr 20/6 og 20/7',null,'1966','1967','504.23','504.23',null)
	,('204','13','0021','Omregulering tilkomstveg',null,'1966','1967','504.23','504.23',null)
	,('205','13','0022','Omregulering av gata',null,'1966','1967','504.23','504.23',null)
	,('206','13','0023','Regulering Øvre Rotset',null,'1966','1967','5041','5041',null)
	,('207','13','0024','Regulering i og ved sjukehusområdet',null,'1966','1967','5041','5041',null)
	,('208','13','0025','Omregulering av skrågata i Røyslida',null,'1966','1967','5041','5041',null)
	,('209','13','0026','H.H.',null,'1966','1967','505.0','505.0',null)
	,('210','13','0027','Oppmålingssaker',null,'1966','1967','505','505',null)
	,('211','13','0028','Kartleggingsarbeid',null,'1966','1967','505.1','505.1',null)
	,('212','13','0029','Oversiktskart',null,'1966','1967','505.11','505.11',null)
	,('213','13','0030','Rådgivande ingeniørar Ose&Mulvik Ørsta',null,'1966','1967','505.1','505.1',null)
	,('214','14','0001','Oppføring av braanngarasje på Fyrde Austefjorden',null,'1966','1967','510','510',null)
	,('215','14','0046','Brann - diverse',null,'1966','1967','519','519',null)
	,('216','14','0003','Tilskot til brannvern på bygdene',null,'1966','1967','510','510',null)
	,('217','14','0004','Vedtekt til brannlova §19-brannsyn',null,'1966','1967','510','510',null)
	,('218','14','0005','Brann og feiing',null,'1966','167','510','510',null)
	,('219','14','0006','Brannmannskap løn 1966',null,'1966','1967','511','511',null)
	,('220','14','0007','Brannmannskapa sentrum løn',null,'1966','1967','511.0','511.0',null)
	,('221','14','0008','Brannmannskap Fyrde',null,'1966','1967','511','511',null)
	,('222','14','0009','Brannmannskap Dravlaus',null,'1966','1967','511','511',null)
	,('223','14','0010','Brannmannskap Straumshamn',null,'1966','1967','511','511',null)
	,('224','14','0011','Mannskapsøving',null,'1966','1967','511','511',null)
	,('225','14','0012','Brannmannskap sentrum 1967',null,'1966','1967','511.22','511.2',null)
	,('226','14','0013','Opplæring og øvingar',null,'1966','1967','511.2','511.2',null)
	,('227','14','0014','Brannmannskap Steinsvik',null,'1966','1967','511.2','511.2',null)
	,('228','14','0015','Opplæring og øvingar',null,'1966','1967','511.2','511.2',null)
	,('229','14','0016','Utbygging av brannvernet på bygdene',null,'1966','1967','512','512',null)
	,('230','14','0017','Mosjon brannmannskap',null,'1966','1967','512','512',null)
	,('231','14','0018','Brannstasjon generelt',null,'1966','1967','512','512',null)
	,('232','14','0019','Øvelsesrapport for brannmannskap på Dravlaus og i Steinsvik',null,'1966','1967','512.1','512.1',null)
	,('233','14','0020','Luftventillatorar på tak',null,'1966','1967','512.1','512.1',null)
	,('234','14','0021','Brannvarsling',null,'1966','1967','512.4','512.4',null)
	,('235','14','0022','Brannvern Folkestad og Lauvstad',null,'1966','1967','513','513',null)
	,('236','14','0023','Brannslokkingsapparat - påfylling',null,'1966','1967','513','513',null)
	,('237','14','0024','Brannmatriell',null,'1966','1967','513','513',null)
	,('238','14','0025','Statens bilsakkyndig',null,'1966','1967','513','513',null)
	,('239','14','0026','Kjøp av brannbil - finansiering',null,'1966','1967','513.1','513.1',null)
	,('240','14','0027','Sal av gamal motorsprøyte',null,'1966','1967','513.2','513.2',null)
	,('241','14','0028','Fria Skuteng A/S - brannmatriell kopling for skip',null,'1966','1967','513.6','513.6',null)
	,('242','14','0029','Framlegg til arbeid i vinterhalvåret',null,'1966','1967','514','514',null)
	,('243','14','0030','Bensindamp i diverse hus i Volda',null,'1966','1967','514.1','514.1',null)
	,('244','14','0031','Forbundsheimen, brannstyrepålegg',null,'1966','1967','514.1','514.1',null)
	,('245','14','0032','Pålegg frå brannsyn søknad om fritak',null,'1966','1967','514.1','514.1',null)
	,('246','14','0033','Brannsyn',null,'1966','1967','514.2','514.2',null)
	,('247','14','0034','Brannsyn div eldre saker',null,'1966','1967','514.2','514.2',null)
	,('248','14','0035','Brannsyn',null,'1966','1967','514.2','514.2',null)
	,('249','14','0036','Brann gong-gong - Protector A/S',null,'1966','1967','514.3','514.3',null)
	,('250','14','0037','Oljekamin',null,'1966','1967','515.2','515.2',null)
	,('251','14','0038','Motering av oljekamin',null,'1966','1967','515.2','515.2',null)
	,('252','14','0039','Autorisasjon for innstallasjon av oljekamin',null,'1966','1967','515.2','515.2',null)
	,('253','14','0040','Firma',null,'1966','1967','515.2','515.2',null)
	,('254','14','0041','Brændes Rørleggerforretning montering av oljekamin',null,'1966','1967','515.2','515.2',null)
	,('255','14','0042','Trygdingstariffar, brannbil',null,'1966','1967','516','516',null)
	,('256','14','0043','Ulykkesforsikring KS, brannvern',null,'1966','1967','516','516',null)
	,('257','14','0044','Melding om branntekniske forhold',null,'1966','1967','518','518',null)
	,('258','14','0045','Brannrapport frå 1966/67',null,'1966','1967','518','518',null)
	,('259','14','0002','Branngarasje på Straumshamn',null,'1966','1967','510','510',null)
	,('260','15','0001','Kran på Kaia',null,'1966','1967','521','521',null)
	,('261','15','0048','Grusrapportar',null,'1966','1967','562.7','562.7',null)
	,('262','15','0003','Fendring av almenningskaia',null,'1966','1967','521.4','521.4',null)
	,('263','15','0004','Vedlikehald av anlegg og materiell',null,'1966','1967','521.7','521.7',null)
	,('264','15','0005','Private kaier',null,'1966','1967','521.8','521.8',null)
	,('265','15','0006','Planlegging av området rundt Rådhuset',null,'1966','1967','530.1','530.1',null)
	,('266','15','0007','Leikeplass',null,'1966','1967','531','531',null)
	,('267','15','0008','Leikeplass i Røyslida',null,'1966','1967','532','532',null)
	,('268','15','0009','Oversikt over leikeplassar',null,'1966','1967','532','532',null)
	,('269','15','0010','Rundskriv og føresegner',null,'1966','1967','540','540',null)
	,('270','15','0011','N.K.F. Skade på avløpsrør',null,'1966','1967','540','540',null)
	,('271','15','0012','Vatn- og kloakkreglement. Bruk av plastrør m.m.',null,'1966','1967','540','540',null)
	,('272','15','0013','Klage over kloakk i bekk',null,'1966','1967','541','541',null)
	,('273','15','0014','Planar og anlegg',null,'1966','1967','541','541',null)
	,('274','15','0015','Ny vassleidning til bygg i Strandgata',null,'1966','1967','541','541',null)
	,('275','15','0016','Matriell for vassverk m.v.',null,'1966','1967','541','541',null)
	,('276','15','0017','Tilkopling kloakk - Synnøve Fremmelid',null,'1966','1967','541.1','541.1',null)
	,('277','15','0018','Vatn og kloakk',null,'1966','1967','541.2','541.2',null)
	,('278','15','0019','Søknad om legging av vatn og kloakk',null,'1966','1967','541.2','541.2',null)
	,('279','15','0020','Kloakktilhøve på Nedre Klepp',null,'1966','1967','541.2','541.2',null)
	,('280','15','0021','Materiell for vassverk',null,'1966','1967','541.3','541.3',null)
	,('281','15','0022','Montering av klosett',null,'1966','1967','541.15','541.15',null)
	,('282','15','0023','Kloakk Mork og Egset',null,'1966','1967','541.1','541.1',null)
	,('283','15','0024','Kloakk for Indre Egset v/ Egsetsvingen',null,'1966','1967','541.1','541.1',null)
	,('284','15','0025','Skade på hovudvassleidning 1966',null,'1966','1967','543.1','543.1',null)
	,('285','15','0026','Tining av private vassleidningar',null,'1966','1967','543.1','543.1',null)
	,('286','15','0027','Diverse vedk. vassverket',null,'1966','1967','543.1','543.1',null)
	,('287','15','0028','Vatn- og kloakkavgifter: regelment - generelle spørsmål',null,'1966','1967','545','545',null)
	,('288','15','0029','Opparbeiding av kloakk',null,'1966','1967','545','545',null)
	,('289','15','0030','Vassavgifter. Restanse 1963 og seinare',null,'1966','1967','545.3','545.3',null)
	,('290','15','0031','Vestlandske Salslag - Vassavgift',null,'1966','1967','545.3','545.3',null)
	,('291','15','0032','Møre konfeksjonsfabrikk. Vassavgift m.m.',null,'1966','1967','545.3','545.3',null)
	,('292','15','0033','Rotset vassverk - liste over eigarar',null,'1966','1967','546','546',null)
	,('293','15','0034','Folkestadbygd',null,'1966','1967','546.1','546.1',null)
	,('294','15','0035','Kloakk på Indre Rotset',null,'1966','1967','546.3','546.3',null)
	,('295','15','0036','Klage på private kloakkar',null,'1966','1967','546.3','546.3',null)
	,('296','15','0037','Ferdige forbyggningsanlegg i Volda kommune',null,'1966','1967','552','552',null)
	,('297','15','0038','Vegar - gater',null,'1966','1967','560','560',null)
	,('298','15','0039','Reglar for avkøyrsle. Møre og Romsdal vegkontor',null,'1966','1967','560','560',null)
	,('299','15','0040','Naust mellom Møre Skofabrikk og Vaulestranda',null,'1966','1967','561','561',null)
	,('300','15','0041','Rydding av plassen v/Gamle Øyra skule',null,'1966','1967','561','561',null)
	,('301','15','0042','Gangveg mellom Klokkargarden og Klepp',null,'1966','1967','561.2','561.2',null)
	,('302','15','0043','Stikkrenne',null,'1966','1967','561.6','561.6',null)
	,('303','15','0044','Kjøp av tineomn',null,'1966','1967','562.3','562.3',null)
	,('304','15','0045','Overtaking av kommunal plog',null,'1966','1967','562.3','562.3',null)
	,('305','15','0046','Grustak',null,'1966','1967','562.7','562.7',null)
	,('306','15','0047','Tilbod på grus',null,'1966','1967','562.7','562.7',null)
	,('307','15','0002','Kai ved enden v/enden av Storgata',null,'1966','1967','521.4','521.4',null)
	,('308','16','0001','Vegar - vedlikehald diverse papir',null,'1966','1967','563','563',null)
	,('309','16','0021','Oversikt kommunal brøyting av private vegar',null,'1966','1967','565','565',null)
	,('310','16','0003','Kufeller, vedlikehald',null,'1966','1967','563','563',null)
	,('311','16','0004','Klorkalcium',null,'1966','1967','563','563',null)
	,('312','16','0005','Brøyting av kommunale vegar 1965/1968',null,'1966','1967','563','563',null)
	,('313','16','0006','Vedlikehald av fylkesvegar, refusjon',null,'1966','1967','563.1','563.1',null)
	,('314','16','0007','Sandstrøing private vegar',null,'1966','1967','563.2','563.2',null)
	,('315','16','0008','Oljegrus/asfalt',null,'1966','1967','563.2','563.2',null)
	,('316','16','0009','Levert grus frå steinknusaranlegget',null,'1966','1967','563.2','563.2',null)
	,('317','16','0010','Grustaket på Rotset',null,'1966','1967','563.2','563.2',null)
	,('318','16','0011','Vedlikehald av offentlege plassar',null,'1966','1967','563.3','563.3',null)
	,('319','16','0012','Gate og veglys',null,'1966','1967','564','564',null)
	,('320','16','0013','Søknad om tilskot til private vegar 1966',null,'1966','1967','565','565',null)
	,('321','16','0014','Søknad om grusing av veg',null,'1966','1967','565','565',null)
	,('322','16','0015','Veg',null,'1966','1967','565','565',null)
	,('323','16','0016','Brøyting av private vegar',null,'1966','1967','565','565',null)
	,('324','16','0017','Tilskot til private vegar',null,'1966','1967','565','565',null)
	,('325','16','0018','Private vegar generelt',null,'1966','1967','565','565',null)
	,('326','16','0019','Private vegar, vegnemnda 1967',null,'1966','1967','565','565',null)
	,('327','16','0020','Søknader brøytetilskot 1969',null,'1966','1967','565','565',null)
	,('328','16','0002','Nye vegar med kommunalt sommarvedlikehald',null,'1966','1967','563','563',null)
	,('329','17','0001','Brøyting av private vegar 1967/68',null,'1966','1967','565','565',null)
	,('330','17','0040','Ulykkesforsikring KS, brannvern',null,'1966','1967','872','872',null)
	,('331','17','0003','Brøyting av private vegar 1969',null,'1966','1967','565','565',null)
	,('332','17','0004','Søknad om kufelle',null,'1966','1967','565','565',null)
	,('333','17','0005','Søknad om snøbrøyting',null,'1966','1967','565','565',null)
	,('334','17','0006','Ref. rekning',null,'1966','1967','565','565',null)
	,('335','17','0007','Veg',null,'1966','1967','565','565',null)
	,('336','17','0008','Tilskot til gardsveg',null,'1966','1967','565','565',null)
	,('337','17','0009','Veg til Krikane, bru over Lisseelva,',null,'1966','1967','565','565',null)
	,('338','17','0010','Tilskot til gardsveg',null,'1966','1967','565','565',null)
	,('339','17','0011','Brøyting av privat veg',null,'1966','1967','565','565',null)
	,('340','17','0012','Tilskot til anlegg og vedlikehald private vegar',null,'1966','1967','565','565',null)
	,('341','17','0013','Tilskot til gardsveg',null,'1966','1967','565','565',null)
	,('342','17','0014','Tilskot til gardsveg',null,'1966','1967','565','565',null)
	,('343','17','0015','Gardsveg',null,'1966','1967','565','565',null)
	,('344','17','0016','Gardsveg',null,'1966','1967','565','565',null)
	,('345','17','0017','Veg',null,'1966','1967','565','565',null)
	,('346','17','0018','Jordbruksveg på Lid',null,'1966','1967','565','565',null)
	,('347','17','0019','Brøyting private vegar',null,'1966','1967','565','565',null)
	,('348','17','0020','Trafikkregulerande skilt',null,'1966','1967','567','567',null)
	,('349','17','0021','Renovasjon -pris,mål',null,'1966','1967','57','570',null)
	,('350','17','0022','Tvungen renovasjon frå Klippa til og med Eikrem',null,'1966','1967','570','570',null)
	,('351','17','0023','Renovasjon diverse',null,'1966','1967','571','571',null)
	,('352','17','0024','Renovasjonsstyret',null,'1966','1967','573','573',null)
	,('353','17','0025','Gbr 17/56-57-58-59, tøming av bos',null,'1966','1967','573','573',null)
	,('354','17','0026','Renovasjon. Avtale om ikkje brennbart avfall',null,'1966','1967','573.1','573.1',null)
	,('355','17','0027','Betaling for bosstativ',null,'1966','1967','573.2','573.2',null)
	,('356','17','0028','Årsmelding for teknisk etat 1966',null,'1966','1967','590','590',null)
	,('357','17','0029','Handverk og industri',null,'1966','1967','620','620',null)
	,('358','17','0030','Olivin i Høydalen',null,'1966','1967','656.0','656.0',null)
	,('359','17','0031','Budsjett - rekneskap',null,'1966','1967','800','800',null)
	,('360','17','0032','Utviding av byggefelt på Langvatn',null,'1966','1967','831','831',null)
	,('361','17','0033','Byggefelt Øvre Engeset',null,'1966','1967','831.1','831.1',null)
	,('362','17','0034','Eigedomar planar og anlegg',null,'1966','1967','831','831',null)
	,('363','17','0035','Eigedomar planar og anlegg',null,'1966','1967','831','831',null)
	,('364','17','0036','Refusjon kloakk',null,'1966','1967','831','831',null)
	,('365','17','0037','Eventuelt kjøp av tomt',null,'1966','1967','831','831',null)
	,('366','17','0038','L.T.',null,'1966','1967','831','831',null)
	,('367','17','0039','Folkeregister',null,'1966','1967','850','850',null)
	,('368','17','0002','Brøyting av private vegar 1966/67',null,'1966','1967','565','565',null)
;
